-0.599,0.267
0.291,1.307
0.955,-0.540
-2.370,2.220
-0.102,0.324
-1.864,0.990
0.015,-0.739
1.069,-0.657
-0.284,1.460
0.182,-0.238
0.459,-0.059
0.466,-1.753
1.395,-1.209
-1.858,0.604
1.107,-0.456
-2.305,-1.156
-0.066,0.818
0.242,-1.349
0.917,-0.873
1.296,0.495
-1.487,4.997
-0.450,-0.470
-0.165,0.640
-0.431,1.963
2.352,-0.585
1.295,1.816
-0.080,4.474
1.559,-1.305
0.956,0.813
2.994,1.484
0.414,3.460
-2.393,1.902
3.185,-1.205
-0.172,-2.486
-3.927,-0.705
-2.007,-3.802
0.377,3.185
-0.623,1.446
-1.108,-2.012
2.183,2.072
-3.308,1.407
0.998,-2.863
-0.484,2.727
-1.211,0.347
-1.834,0.471
0.788,1.095
-0.268,-1.596
1.637,1.155
0.372,-2.619
0.768,-0.042
2.115,-2.093
-0.629,-2.530
-1.922,-1.940
-1.931,0.904
-2.167,1.522
-0.164,1.035
0.279,0.370
-1.761,3.229
-1.399,3.261
-0.975,-3.783
2.816,2.909
-0.850,-1.858
-1.622,-3.643
0.163,-0.584
0.158,-1.994
-2.515,1.680
0.604,-3.660
-0.796,-1.491
0.303,-0.371
1.271,-1.563
-1.040,-0.467
1.290,-1.960
2.257,-2.814
-0.559,-0.746
-3.012,0.948
-2.539,0.901
1.494,0.331
0.134,2.067
-0.261,2.572
-2.056,3.017
0.573,0.182
0.705,-0.855
-0.077,-0.275
0.133,1.832
1.333,4.224
-0.567,-2.388
-2.977,2.298
2.255,0.164
-0.335,-0.038
-0.485,0.061
-1.060,2.611
0.233,-1.698
-0.068,2.178
0.281,-1.025
-0.459,0.643
-1.647,0.657
-1.287,1.809
-1.602,-0.721
-1.712,1.255
2.395,0.199
-0.466,-2.705
-1.313,-1.072
1.622,0.070
-0.727,3.386
-2.960,-0.970
-2.298,2.301
-0.410,-0.448
1.341,1.272
-0.061,2.054
-0.106,2.877
-1.696,2.440
-0.780,0.774
-0.545,0.554
0.327,0.119
-0.376,1.090
-3.333,1.668
0.946,0.080
1.578,0.585
-0.784,-3.380
0.542,-1.309
0.855,0.916
1.862,0.362
3.749,-1.064
-1.848,1.533
-1.440,0.607
-1.409,2.684
-0.891,1.804
-2.006,1.704
0.692,-0.605
-0.841,-0.290
1.879,-1.691
-1.587,-1.166
1.588,1.276
-2.833,0.595
0.850,0.180
0.951,0.305
-0.535,0.427
0.684,-1.502
-0.442,-1.183
-0.427,1.229
3.513,1.211
0.576,2.218
-1.708,-0.519
-0.317,-1.879
0.374,1.944
-1.773,-1.345
0.420,0.561
-2.406,1.027
0.257,0.785
-0.016,1.244
0.745,-1.177
-1.541,-1.659
-0.281,1.543
-0.649,-0.043
0.842,0.088
1.589,0.755
0.272,0.466
0.989,-1.738
-1.522,1.248
2.286,-0.244
-1.599,-1.473
-0.717,0.354
1.058,-3.377
1.456,-0.112
2.383,-1.073
-0.863,-0.255
1.623,1.042
0.348,1.542
1.374,-1.948
1.594,2.738
0.022,-1.991
-1.396,-2.306
-1.125,-1.113
-1.392,-0.560
-1.545,1.138
1.542,0.113
0.173,-0.499
2.573,-1.788
0.016,-0.741
0.896,2.512
-0.750,-2.639
-0.902,0.420
-1.669,-1.403
-0.368,-0.217
1.051,-1.458
1.698,-2.589
-0.254,1.025
-0.549,0.053
0.555,-1.185
0.955,2.503
-0.123,-0.227
-1.099,1.049
0.032,1.298
0.356,1.962
-1.053,-0.417
-2.936,1.387
-2.024,1.576
0.025,3.375
-0.518,3.050
-0.807,-1.063
2.264,0.484
1.873,-1.165
-1.029,2.889
3.076,2.449
0.484,-2.379
0.613,-1.201
-0.297,-0.617
-2.113,0.011
0.120,3.374
2.097,1.705
-0.115,-0.373
-0.661,1.511
2.216,2.779
-0.619,-0.214
0.311,-0.929
-0.730,0.776
-0.461,-0.339
1.017,0.047
-0.285,-2.600
0.721,1.365
-1.954,-0.502
-0.070,-2.292
2.363,-0.796
-0.734,2.401
0.091,-0.139
-1.480,-1.141
0.493,1.833
-1.343,-1.480
-0.640,-0.850
0.745,-0.832
-2.105,0.804
1.753,-3.023
-0.211,-0.204
2.837,-4.033
0.955,-3.233
-0.239,-0.933
0.298,-0.504
-0.987,-0.853
0.061,3.186
-0.192,0.615
-0.896,3.748
-1.083,-3.223
2.850,0.342
1.522,-1.781
0.571,-0.616
1.267,-1.974
-1.403,1.798
-1.163,2.418
-0.235,-1.953
-1.215,0.153
2.101,0.965
-1.707,-4.133
-1.238,3.011
-0.535,0.472
-0.202,0.421
0.861,0.770
-2.602,-0.932
2.137,2.649
0.209,-4.691
-2.727,1.092
-0.379,2.082
0.179,-0.447
-0.648,-2.411
-1.937,1.137
-1.918,-0.929
-1.953,0.455
-2.573,2.425
0.125,-2.302
0.598,-2.795
-1.631,0.954
0.759,-1.619
-2.389,0.410
0.692,-0.147
-0.354,-1.491
-1.815,1.359
-2.746,2.384
1.038,2.731
-0.631,-2.526
-0.401,-0.949
-0.405,-0.505
-0.791,-2.260
0.559,0.766
1.085,1.643
1.374,2.581
-2.374,1.473
1.760,-3.042
1.786,1.942
-0.335,-2.755
0.410,-1.494
1.799,-2.463
2.261,-0.254
1.036,1.634
2.787,1.885
-1.199,1.043
-0.332,0.883
2.219,-1.883
-0.547,1.262
-1.396,3.562
0.399,-0.770
0.568,-1.381
1.912,2.300
-0.407,0.991
-1.549,-0.547
0.124,-2.912
-0.922,2.364
0.949,2.186
-0.401,-2.071
1.033,-1.177
-0.736,1.428
-0.174,-2.497
1.110,0.096
1.085,-1.566
-1.049,-0.554
-0.589,-1.776
-0.408,0.819
-1.479,-2.786
0.415,1.715
0.923,-0.162
-1.458,0.018
0.682,2.129
0.478,-1.452
-2.411,0.032
1.005,0.173
-0.472,-0.888
-1.908,-2.360
-2.452,-3.407
1.658,2.771
-1.566,0.720
-0.058,2.966
-0.314,-1.581
-0.645,-1.101
1.502,1.680
-0.041,0.800
1.207,-2.396
-0.701,-1.965
0.332,-2.224
0.453,-1.858
-0.014,-0.926
-0.521,0.517
-0.813,-0.943
-2.784,1.611
0.148,-2.628
-2.627,-1.445
0.155,-1.207
0.578,0.045
1.135,1.959
-0.223,0.773
-2.655,-0.360
-1.098,2.822
-0.164,0.578
1.153,0.329
0.536,3.239
0.376,1.831
-2.215,0.178
-2.131,1.337
-0.878,-4.025
0.285,0.580
-2.856,-0.220
0.830,1.356
1.975,2.929
0.924,0.529
0.380,2.290
0.213,3.395
0.923,1.535
-1.603,4.571
-1.963,3.013
1.973,-0.153
1.683,0.554
-1.579,0.763
0.142,-3.228
-0.070,0.208
-0.476,1.570
1.493,0.046
0.857,1.832
1.036,-1.725
0.616,1.340
0.001,0.393
3.344,-0.320
1.179,-0.275
-0.142,-1.093
-0.821,-0.124
1.758,-1.559
0.870,1.325
1.120,-1.594
-1.114,-1.501
0.124,0.122
-2.064,1.669
-0.088,-2.613
0.387,0.240
-0.041,0.996
2.375,2.951
0.927,0.553
0.256,0.363
3.463,1.673
-2.605,-1.601
-0.840,-2.986
-2.224,-1.378
0.149,-1.631
-0.613,0.077
0.249,-0.865
0.321,1.613
-0.529,-2.053
1.687,-0.422
-0.139,0.947
0.220,1.719
1.333,-0.939
-0.077,-0.223
-1.396,1.002
-0.172,1.509
-0.292,1.009
-0.956,2.099
1.041,0.395
-0.999,2.581
0.961,-1.461
1.503,-1.224
-0.788,0.327
1.053,-2.133
0.397,-1.754
1.310,4.144
0.769,-0.187
-2.321,1.427
-0.396,0.761
-0.153,3.219
0.005,-2.449
-0.621,-1.891
3.520,1.012
0.710,-1.743
-0.260,-1.886
0.237,-1.748
-0.743,-1.984
-2.037,-1.413
0.208,-1.406
-0.337,0.785
-0.129,-2.068
-0.950,-2.833
-0.070,0.156
0.350,0.470
0.126,1.443
1.344,-0.891
-0.992,-1.358
-0.097,-3.571
0.091,-1.534
-1.871,-0.328
1.095,0.348
-2.239,-0.733
0.581,0.262
1.558,-0.880
1.430,-0.249
-0.738,2.797
-0.583,-0.346
0.062,2.114
-1.812,-1.098
-0.186,-2.000
-1.150,-2.407
0.648,-1.710
-2.032,2.560
-1.059,-1.266
1.214,-0.835
-0.478,-0.488
-1.552,-0.543
-0.155,-1.215
-2.691,0.383
-1.552,-0.482
-1.219,0.506
1.040,-1.108
-0.301,0.141
-1.787,-3.077
-0.230,5.518
-0.471,0.001
-0.313,1.142
0.603,1.378
-0.371,3.983
-0.442,1.155
0.158,0.658
0.061,0.430
1.441,-1.692
-2.021,-2.837
-0.132,1.532
-1.333,1.056
-0.712,1.997
-1.715,-1.324
-2.901,-1.138
-2.330,-2.217
-1.501,2.092
-0.116,0.603
-0.785,-0.655
-1.494,-2.182
0.175,2.418
-0.944,-0.869
1.021,-0.302
0.072,-0.235
0.035,0.942
0.692,-1.014
-0.090,-0.774
-1.240,-1.806
1.622,1.083
0.435,0.417
1.811,0.373
1.006,0.271
0.965,-1.194
-1.788,-2.759
0.306,-4.026
-1.150,1.363
-0.748,2.337
1.810,1.929
-1.386,0.917
1.620,-2.166
0.801,0.109
2.676,-0.379
0.298,1.360
-0.608,-2.911
-0.377,3.550
-2.582,0.022
0.819,-0.557
-2.827,1.368
2.338,0.206
0.397,0.998
0.206,-1.702
-1.786,-0.281
1.141,-0.985
-0.195,0.756
0.714,0.295
0.983,2.400
0.720,-3.280
1.474,0.089
-0.132,-0.176
1.449,0.758
-1.046,-1.069
2.563,1.258
1.393,4.436
1.776,-2.013
-1.454,0.307
0.236,-0.803
-1.937,1.036
-1.171,1.196
-1.418,2.324
0.906,-0.366
-1.740,-0.541
2.624,-0.752
1.018,-1.484
-2.429,0.085
-0.479,0.553
-0.049,-0.975
0.202,-1.411
0.922,0.658
-0.244,0.014
0.125,0.629
0.734,1.505
1.956,1.623
-0.336,-0.622
-0.766,0.439
-0.663,-0.215
-1.918,2.442
-1.777,1.474
-0.868,-1.328
-2.381,-0.609
-0.888,-3.319
2.063,-3.559
0.321,-0.942
-1.804,-0.491
2.201,1.633
1.391,-0.879
-0.340,0.688
0.246,-0.994
3.429,-2.712
0.486,0.476
0.236,1.200
-3.936,-3.767
-0.542,-2.191
1.648,-2.207
-1.718,-0.256
-0.061,-1.519
0.682,0.821
-0.164,0.287
-2.076,1.655
1.809,0.606
0.125,-0.218
-0.912,-0.488
-1.462,-2.677
1.255,0.022
-0.331,-0.744
0.510,-0.694
-0.771,0.044
0.506,-0.346
0.780,2.724
1.537,-1.852
0.573,0.512
0.979,-0.460
-1.596,1.862
-1.762,3.536
2.618,1.607
-0.265,0.195
-2.244,0.161
-0.748,1.002
-0.643,0.439
-0.165,-1.032
0.352,-1.673
0.092,1.676
0.050,-0.056
-0.740,-2.554
0.641,1.339
2.277,2.094
0.336,0.968
1.110,-2.460
-0.360,-1.252
-0.692,0.859
0.013,-0.770
0.452,-1.713
-0.465,0.565
-0.396,-1.550
1.089,2.893
-0.712,-3.125
0.402,1.411
0.652,-3.323
-0.462,0.299
-0.000,0.495
3.633,4.138
0.440,0.400
-1.264,0.569
3.352,-0.036
0.124,-1.139
-0.659,-0.299
-1.182,-1.673
1.757,-0.731
0.599,1.102
-0.767,0.702
0.895,0.814
0.479,-2.451
-0.058,0.504
-2.087,-3.300
0.892,-1.310
-0.627,-1.078
-0.064,-0.062
-0.669,-1.421
0.359,-3.151
-2.971,0.946
1.558,-1.587
3.985,0.843
-0.369,1.073
0.550,1.866
1.162,2.010
-1.178,-1.914
0.124,2.147
-0.309,-0.085
-0.492,-0.227
1.890,-0.187
1.541,-1.100
-0.623,1.030
0.889,-1.045
-1.677,0.987
-1.000,-0.283
-1.295,3.087
-0.274,-2.174
-0.116,0.510
-0.658,-0.052
-1.185,-2.549
0.808,2.069
-0.777,-1.140
2.154,-0.311
-0.932,-1.922
0.127,-0.991
1.695,-1.039
-2.007,-3.264
-0.064,2.150
1.770,-0.902
2.065,0.141
-2.618,1.877
1.325,0.977
0.323,-2.571
-0.460,0.984
-0.064,-1.736
0.808,0.257
-0.452,-3.433
0.286,-1.569
1.414,-1.555
0.151,-1.677
0.632,-0.690
1.615,0.323
3.016,-0.122
-0.612,0.252
-0.974,0.073
0.487,-0.118
-0.701,-1.747
-2.392,-1.291
-1.574,1.009
-0.136,0.395
-0.826,0.417
-2.970,1.006
2.314,-0.797
0.607,-1.866
-1.003,1.243
-1.020,0.950
-0.968,1.295
-0.545,-2.215
2.838,-4.421
-2.828,-2.432
1.572,-0.308
0.396,3.908
2.832,-0.939
0.279,3.303
-1.045,-3.045
-0.209,-3.081
1.255,-0.915
1.142,0.133
1.971,2.348
0.043,0.525
-2.536,-1.229
0.606,1.281
0.712,-0.920
-1.070,0.612
-0.101,-2.466
-0.451,-1.679
-0.595,2.633
-0.273,3.492
-0.605,-0.714
1.284,0.125
0.068,-0.743
0.012,1.068
0.664,-0.196
-1.680,1.728
1.837,-0.949
0.006,1.877
0.536,-0.885
1.472,1.389
-0.230,-2.756
-0.547,2.882
-0.837,0.159
-1.042,-1.477
-3.592,-2.922
-0.560,-0.663
-1.945,-0.784
2.585,-2.912
-0.324,2.779
2.127,-2.162
-1.955,0.832
-2.527,0.669
-0.907,-1.046
-0.392,0.198
0.636,-0.056
2.037,-0.816
-1.492,-3.721
-2.171,-0.412
0.723,-1.047
-1.495,2.598
-2.200,-1.672
1.203,-0.380
-1.202,-0.995
0.071,1.503
-0.287,-1.353
-0.301,-1.258
-1.443,-0.478
0.731,-1.550
1.432,-0.920
1.226,2.237
0.278,-0.722
-2.216,3.918
1.260,0.971
0.848,1.594
0.807,-0.917
-2.399,0.631
-0.758,-0.546
2.166,-0.706
0.244,-1.798
-1.123,-0.316
1.650,-2.051
0.002,3.743
0.526,1.443
1.303,0.770
-0.607,3.045
-0.128,-1.729
-0.482,-1.474
2.291,0.892
0.662,-0.603
-0.393,-3.713
-1.552,-0.503
1.304,0.308
-0.575,-0.350
-0.002,2.921
-1.501,0.514
-0.359,-0.260
-0.522,-0.284
-0.273,1.019
-1.723,-1.727
-0.323,4.431
-1.232,3.514
0.901,2.372
-0.653,-0.378
-0.434,2.564
-0.616,-3.304
-1.284,2.595
0.063,-1.327
2.552,-0.492
1.101,-1.799
-1.410,-0.019
1.649,-0.274
-0.343,-0.794
-0.582,1.057
-2.042,6.451
2.166,-1.146
1.067,5.214
1.100,-1.615
1.632,2.121
0.051,0.061
0.612,2.635
1.232,2.937
2.149,1.577
4.538,3.317
2.045,3.415
1.349,0.940
1.343,3.150
1.067,1.987
2.120,-0.287
4.377,1.584
1.065,1.848
3.106,1.628
1.984,0.928
4.027,1.637
3.045,2.402
2.462,1.429
3.551,3.906
2.851,-0.124
3.261,2.115
4.695,0.941
2.834,2.947
2.005,2.596
3.569,2.854
2.156,0.390
1.039,3.064
1.868,0.311
3.040,1.494
4.300,0.265
3.208,1.373
4.030,2.170
0.496,2.737
3.762,0.772
1.542,3.843
1.394,-0.518
2.988,-0.927
2.028,1.475
1.016,0.634
3.562,3.386
2.999,2.862
3.846,2.182
2.778,0.604
4.121,1.378
1.474,3.015
2.536,3.676
1.529,1.581
2.159,3.292
0.559,1.552
1.736,2.762
0.952,4.201
0.236,-0.584
1.518,1.838
-0.867,2.817
-0.085,-1.991
2.393,1.231
3.107,0.952
1.368,5.021
1.094,2.197
1.587,-0.542
-1.125,1.647
-0.653,2.889
2.320,0.424
3.614,5.584
0.588,3.261
1.212,-0.101
1.411,3.309
3.164,1.077
0.798,1.139
2.881,2.741
3.427,3.278
2.606,2.122
1.660,0.753
1.726,3.418
1.422,2.673
2.129,1.708
2.365,2.260
1.140,0.601
1.897,5.490
1.223,1.697
1.291,0.835
1.658,1.714
1.628,3.444
3.008,1.242
1.835,4.397
5.379,1.064
1.906,0.138
1.826,3.395
-0.203,4.115
-0.564,4.164
1.266,0.059
1.944,5.174
2.434,4.106
-1.379,2.356
1.615,5.427
2.241,0.576
3.650,2.938
2.601,0.791
3.681,2.051
2.689,3.604
2.086,2.339
3.103,2.102
-2.294,1.432
1.977,2.541
0.817,0.963
-0.510,5.538
-0.336,3.250
2.019,0.645
1.630,1.458
1.552,3.985
2.434,3.609
3.099,4.481
1.014,1.152
-0.114,2.928
-0.361,2.597
4.353,0.374
0.937,3.226
1.468,0.765
1.309,3.025
2.331,2.065
1.324,1.682
1.058,1.297
0.641,2.816
1.975,3.194
3.109,1.646
1.108,1.347
1.294,-0.448
3.281,1.390
0.821,2.885
1.300,0.639
2.163,0.724
2.251,2.478
2.615,1.285
3.380,2.242
4.108,0.372
3.202,1.580
1.164,1.583
2.055,1.582
2.265,3.300
2.009,1.903
2.755,2.820
-0.537,0.595
-0.111,0.941
3.664,2.989
2.630,2.469
2.220,0.537
2.772,3.710
0.518,3.827
1.072,0.250
4.089,0.455
1.450,0.988
1.992,1.884
0.288,2.736
3.098,3.286
2.440,1.425
4.074,1.068
2.955,2.732
2.692,1.543
-0.175,1.151
2.824,3.069
0.237,1.395
1.267,1.336
2.381,0.974
0.877,0.814
2.904,4.922
1.558,1.146
1.259,2.788
3.089,1.988
1.411,3.198
5.174,0.284
3.366,1.431
0.886,-1.184
3.300,0.307
2.641,-0.448
1.201,2.844
1.417,1.016
3.997,0.050
2.149,1.220
2.155,2.635
1.876,0.001
0.323,1.869
0.876,2.932
1.312,3.609
3.359,0.644
-0.648,4.025
0.120,2.004
2.092,2.302
1.217,2.382
2.465,3.992
2.654,1.546
2.645,1.137
1.736,3.406
-0.040,2.441
3.481,2.733
2.063,2.266
2.083,0.707
1.621,0.154
2.285,1.316
6.229,2.203
2.699,2.479
2.385,3.908
2.097,5.088
4.423,4.199
2.254,1.947
4.173,2.188
1.062,3.365
1.210,2.903
2.609,2.553
3.274,1.149
2.265,-1.202
3.689,1.531
1.367,2.034
-0.273,2.451
3.164,0.410
2.868,3.085
3.771,0.890
2.504,3.419
0.357,3.570
1.630,1.710
0.102,2.567
3.352,-0.286
-0.376,1.137
1.337,2.113
2.700,2.161
1.415,3.795
4.249,5.627
1.387,0.150
2.454,4.647
4.016,0.085
2.426,2.510
2.620,2.970
1.515,1.187
2.754,3.718
3.291,2.083
1.152,1.621
1.284,3.341
2.257,2.562
2.740,3.396
1.876,1.450
1.310,2.211
2.136,3.392
1.342,2.885
1.111,1.928
2.988,1.868
3.658,3.134
1.163,2.463
3.315,2.421
2.309,3.184
2.602,2.382
-0.620,1.535
2.609,4.581
3.007,0.669
-0.330,1.278
2.787,3.058
4.357,-1.006
0.988,0.982
0.311,2.246
3.956,1.827
1.840,1.198
2.561,2.222
-0.758,2.930
0.636,0.959
4.530,3.442
1.367,1.428
2.211,2.451
3.207,1.477
4.570,1.450
1.535,2.474
2.921,1.703
2.978,1.452
1.568,-0.897
2.176,0.063
3.782,2.093
0.132,1.028
0.100,0.258
2.834,2.289
2.524,1.786
3.604,0.268
3.498,1.287
1.056,0.117
2.373,2.945
3.177,1.766
0.930,1.283
6.262,1.818
2.468,0.893
-0.461,2.380
2.009,1.998
3.392,1.603
3.857,0.903
5.296,3.058
4.305,1.283
3.423,3.609
3.065,-0.423
2.420,3.868
2.554,2.962
3.679,2.798
2.219,1.395
1.137,1.910
4.326,1.918
1.326,2.805
3.503,2.630
2.763,1.214
2.467,2.461
2.856,3.539
5.059,4.985
2.808,2.629
0.350,3.401
2.308,1.112
2.608,4.758
2.638,0.636
4.250,0.397
3.603,3.579
0.826,1.826
3.577,1.171
1.895,3.484
-0.061,3.645
0.156,1.485
0.653,2.575
3.058,2.690
1.912,2.267
3.216,2.352
0.589,2.245
2.871,0.529
3.837,2.084
-0.424,4.028
3.213,4.134
1.431,1.509
-0.030,1.871
3.529,2.388
3.086,2.393
1.985,1.399
0.932,1.830
2.348,0.812
3.722,2.483
1.158,1.150
2.259,2.751
2.058,0.355
4.000,1.582
3.051,3.017
0.001,2.965
4.288,3.628
3.609,-0.008
2.153,1.523
2.648,2.171
2.104,1.801
0.344,4.452
1.421,2.178
0.295,1.663
-0.465,1.442
3.533,2.353
2.502,2.872
2.333,0.380
2.671,1.527
3.078,0.910
0.692,1.340
2.729,1.956
-1.101,2.356
1.833,1.587
0.553,2.668
1.859,0.502
0.863,-0.553
2.270,1.508
1.177,1.671
1.372,4.617
1.172,3.158
2.061,4.017
3.085,0.290
1.291,2.449
0.486,2.636
6.128,4.529
1.014,1.790
0.921,1.421
1.155,4.326
2.999,3.256
-2.334,2.544
1.678,1.148
3.750,2.241
2.386,1.683
3.480,3.314
1.861,3.212
0.569,1.741
1.745,1.108
5.021,2.623
0.068,2.830
4.175,1.657
4.712,1.300
-0.073,3.062
2.545,2.661
0.673,1.658
2.881,1.445
0.657,-0.720
1.551,1.768
1.009,-0.497
1.922,-0.130
1.501,0.760
0.861,3.585
3.254,4.240
2.875,-0.885
2.457,4.541
2.722,1.821
4.107,1.847
1.254,2.009
3.665,2.853
2.740,2.129
4.191,4.959
2.120,2.270
2.133,2.976
0.965,-0.445
1.508,4.483
2.963,2.841
1.566,0.828
0.576,1.107
3.564,3.137
-0.497,3.820
1.933,0.057
2.677,-2.417
1.405,2.862
1.176,2.231
2.545,1.052
3.849,0.838
5.389,0.455
1.014,3.412
5.072,2.904
-0.992,0.017
1.168,2.891
4.091,3.275
1.575,3.901
1.433,3.321
1.671,0.308
2.447,2.093
0.875,2.081
3.400,2.057
4.745,2.593
2.156,3.865
3.698,1.562
2.224,2.739
2.243,1.630
0.581,1.448
4.592,1.489
4.574,3.280
5.071,1.293
1.461,1.637
0.762,2.402
1.441,1.821
1.523,2.783
3.172,2.751
1.936,2.069
1.036,4.294
1.863,2.018
1.263,2.320
1.780,3.100
0.571,2.842
3.804,5.260
2.793,1.572
1.021,0.888
2.003,2.164
0.261,2.935
3.156,2.850
-0.686,0.920
0.905,2.413
2.197,3.798
-0.248,3.491
3.051,1.063
1.817,1.551
4.066,4.583
-0.988,3.667
0.016,1.620
2.290,2.431
0.743,5.207
0.004,0.890
3.117,-0.123
1.283,3.744
4.712,1.082
2.871,-1.774
1.249,0.524
2.615,0.536
2.255,3.820
4.493,2.475
3.124,3.515
3.312,1.448
1.591,0.291
3.234,2.375
-0.512,4.620
1.452,0.416
2.046,2.922
2.293,3.559
-0.876,0.645
6.054,1.418
3.995,1.851
0.476,0.293
2.513,1.628
1.621,1.725
3.982,4.055
1.428,2.362
1.942,1.746
1.862,3.501
1.134,3.552
2.654,4.613
2.099,-0.789
2.693,3.414
2.282,-0.568
2.460,1.605
1.281,0.627
3.674,0.548
0.356,1.389
1.893,1.311
1.601,3.817
-2.330,2.077
2.134,-0.164
0.541,2.666
0.881,0.931
2.533,3.733
2.589,2.823
1.428,0.468
2.861,-0.538
1.333,2.555
5.216,0.089
1.177,1.040
0.539,1.850
2.263,-0.660
2.933,0.712
2.921,1.781
2.002,2.446
1.425,0.159
2.631,-0.470
1.270,1.545
3.173,3.659
2.550,2.169
0.556,3.939
0.733,0.845
-0.184,2.639
1.621,3.488
0.823,2.035
2.291,1.642
1.456,2.519
0.421,0.833
1.233,3.541
2.892,2.037
4.021,4.060
0.754,1.859
0.843,2.217
0.137,2.683
4.523,2.551
2.217,1.201
1.021,1.335
3.135,1.882
0.872,3.617
0.083,3.896
0.246,3.578
4.176,2.343
3.043,1.605
1.337,3.976
3.127,1.935
1.805,4.308
5.545,-0.037
1.775,2.225
2.887,0.750
0.939,-0.216
0.610,4.002
0.431,1.354
2.947,1.040
4.088,2.251
1.870,2.039
3.014,2.213
4.708,0.600
2.682,4.690
1.260,2.009
3.057,1.030
2.731,1.869
1.212,-0.678
0.698,1.238
2.734,2.648
4.546,2.357
2.842,1.519
2.914,0.528
0.277,4.135
2.327,2.444
-0.668,1.122
3.777,2.966
0.200,2.909
4.361,1.324
1.978,2.331
2.681,0.357
1.588,2.910
1.877,-0.658
2.089,1.992
3.901,0.350
1.684,3.413
3.642,0.694
0.338,1.228
1.866,2.630
2.545,2.805
1.891,1.175
1.562,1.604
1.462,0.867
2.992,0.661
1.441,2.603
3.122,0.828
1.853,1.981
3.350,2.046
2.580,-0.406
1.774,1.758
3.736,1.097
2.547,3.129
-1.005,2.064
1.545,4.553
-0.379,1.161
3.707,2.283
4.018,2.606
1.126,1.371
2.615,0.560
3.536,4.491
2.066,2.342
-1.413,4.340
1.670,2.626
3.703,1.620
-0.850,2.881
0.803,1.434
3.475,1.475
2.902,3.524
1.151,1.657
1.076,0.226
4.387,0.442
4.025,4.309
1.141,1.428
3.027,2.434
2.141,4.652
1.855,1.107
4.844,3.304
1.653,1.353
3.535,1.451
-0.514,1.825
1.406,3.241
3.560,2.725
1.757,2.935
3.782,3.344
1.460,4.624
2.761,1.980
2.200,1.580
3.099,2.985
1.297,1.923
3.157,3.084
1.864,4.480
2.999,2.593
1.528,2.107
1.723,4.074
2.966,3.560
5.260,2.898
4.764,3.815
1.887,5.079
-0.116,3.902
0.897,2.059
0.812,3.269
3.707,2.099
1.464,2.596
3.164,1.099
2.158,2.463
1.356,-1.648
1.519,-0.551
-0.723,2.582
3.090,0.769
2.605,2.593
1.662,3.137
1.110,-0.977
-0.165,2.999
2.597,2.399
2.479,2.483
3.658,2.497
2.406,1.508
3.615,1.134
1.838,2.784
1.785,2.169
1.165,4.579
4.594,2.093
3.785,1.969
1.547,1.214
0.376,1.399
2.789,0.563
0.915,2.262
0.444,3.428
1.432,2.008
1.325,2.124
0.444,4.348
1.172,3.185
1.824,3.329
2.387,2.526
1.963,2.688
-0.907,2.036
0.640,1.209
-0.176,3.083
1.253,3.890
1.751,1.167
2.889,0.898
2.974,1.722
2.311,2.673
1.069,1.648
2.106,0.752
3.725,2.371
1.923,1.793
3.589,1.049
1.426,2.805
2.809,1.869
0.360,1.351
2.366,3.273
5.034,1.024
1.540,1.885
-1.049,2.682
1.631,1.706
1.352,2.050
0.210,2.171
0.619,0.366
2.772,1.522
2.613,-0.156
2.146,-2.484
3.677,3.611
2.301,1.655
0.067,-0.196
1.664,0.518
3.822,-0.330
-0.273,1.944
5.710,3.660
-0.618,2.655
2.286,3.362
-0.210,4.147
1.600,2.212
3.991,3.037
3.188,2.275
2.258,0.733
1.587,1.649
1.216,2.893
2.706,0.951
2.515,3.663
2.715,2.285
0.743,1.551
4.414,1.533
3.372,0.188
0.123,3.614
2.103,1.725
4.317,1.325
2.449,-0.289
2.020,2.617
3.825,4.375
1.750,2.662
1.337,1.331
2.039,4.227
-0.824,1.075
2.434,1.181
3.528,1.954
2.094,0.929
2.662,2.638
0.895,1.412
2.047,2.553
2.455,-0.576
0.941,2.482
2.251,1.933
1.997,3.987
3.361,1.135
3.613,2.466
2.326,5.110
0.785,4.051
2.390,0.843
-0.806,2.262
3.703,3.712
1.574,-0.805
2.156,1.056
5.716,3.257
2.243,4.398
0.127,2.123
2.288,4.421
1.461,0.748
1.300,3.220
3.356,1.530
2.068,-0.044
3.563,0.205
4.654,3.892
1.620,0.353
3.760,2.257
2.185,2.606
2.602,2.443
2.788,0.432
3.544,1.352
1.304,1.836
1.769,1.821
1.645,2.952
-1.232,1.790
1.971,1.243
2.448,4.306
3.343,3.308
2.595,2.703
1.641,1.700
2.777,1.384
0.678,0.320
3.516,-0.288
1.495,2.424
3.452,3.491
3.195,0.372
3.139,0.933
1.436,1.627
1.893,1.826
-0.500,0.340
-0.924,-0.282
-0.984,0.308
-0.677,1.553
-2.381,1.391
-1.453,1.878
-0.868,0.910
-1.181,0.974
-0.778,0.377
-1.560,1.499
-0.373,0.313
-1.613,1.850
-1.600,-0.377
-1.192,0.176
-0.006,1.814
-1.709,3.636
-0.724,0.139
-1.789,1.304
-1.138,0.581
1.327,2.639
-0.010,2.702
-2.465,0.691
-0.968,2.023
-1.531,0.017
-1.816,1.900
-0.007,-0.969
-0.901,1.809
-1.933,3.465
-1.342,2.176
-0.910,1.696
-2.168,1.609
-1.507,0.148
-2.161,2.053
-3.606,1.371
-2.183,1.713
-0.543,0.887
-1.401,1.166
-2.732,1.782
-1.311,2.017
0.484,0.619
-1.596,0.131
-1.236,0.000
-0.788,1.433
-0.262,1.404
-0.248,-0.065
-0.843,1.418
0.474,1.981
-0.397,1.756
-2.849,1.126
-1.406,1.271
-1.766,1.965
-2.303,0.356
-2.731,0.843
-3.496,1.939
-1.941,0.204
-0.397,1.671
-2.698,0.910
-0.335,0.735
-2.056,1.056
-0.805,-0.131
-1.317,0.006
-3.035,1.007
0.280,1.631
-1.516,0.815
0.329,2.191
-2.177,0.790
-0.318,-1.364
-0.745,0.707
-1.496,0.652
-0.537,0.138
-1.643,1.718
-1.487,2.343
-2.391,-0.159
-1.544,-1.283
-0.890,2.468
-2.162,0.401
-1.010,-0.897
-0.774,0.725
-1.493,1.296
-0.006,1.464
0.455,2.051
-1.267,0.588
-2.594,1.387
-1.979,1.039
-0.882,0.745
-2.898,1.463
-0.567,1.657
-0.596,1.142
-1.246,-0.377
-3.632,3.211
-1.705,-0.527
-2.182,1.558
-2.401,0.905
-2.430,1.272
-1.933,0.146
-1.393,1.975
-1.524,-0.462
-2.168,1.986
-1.176,1.928
-2.649,2.532
-2.073,0.602
-1.089,1.246
0.542,1.882
-0.825,0.217
-0.289,0.020
-1.310,1.681
-2.360,0.612
-0.312,0.913
-1.884,1.482
0.262,1.239
-1.132,-0.207
-0.928,2.512
-1.756,1.458
0.661,2.097
-1.824,-1.267
-3.918,-0.536
-2.116,0.736
-1.914,-0.770
-2.088,0.586
-0.477,2.123
-0.631,-1.861
-0.616,0.545
-2.239,0.033
-0.731,2.721
-2.422,1.042
0.181,0.777
-1.162,0.520
-1.602,-0.327
-2.159,2.388
-1.829,2.294
-0.880,0.853
-0.120,-0.867
-2.005,1.213
-2.080,2.028
-1.577,1.706
-1.577,1.086
-2.793,0.531
-1.672,2.628
-1.119,1.089
-0.367,2.081
-2.704,0.873
-1.062,1.221
-2.912,2.231
-1.020,2.760
-0.827,1.159
-1.414,0.180
-1.016,-0.863
-2.141,0.622
-2.227,1.842
-1.640,3.586
-2.939,-0.545
-2.549,1.682
0.728,1.474
-2.139,1.402
-2.890,-1.319
-1.433,-0.814
-1.763,0.088
0.252,1.696
-0.835,2.045
0.097,-0.820
-1.133,1.589
-3.142,1.705
-2.158,2.303
-0.648,1.944
-1.996,0.772
-0.964,2.757
-1.285,1.801
-2.079,2.291
-0.576,-0.582
-1.437,1.731
-1.184,0.733
-1.327,1.235
-2.744,1.017
-1.376,1.951
-1.079,1.332
0.215,1.884
-1.934,0.549
-2.480,1.561
-1.543,1.989
-3.139,2.558
0.067,0.191
-1.534,1.314
-3.036,0.304
-1.295,1.233
-2.129,-0.064
-0.592,2.278
-3.660,1.096
0.833,1.634
-2.584,1.548
-1.602,0.455
-3.188,2.171
-2.006,1.569
-0.498,3.164
-1.065,1.582
-0.653,0.889
0.629,-0.780
-1.278,0.068
-1.216,1.294
-1.725,1.211
-2.449,1.467
-2.493,1.566
-0.158,0.862
-1.494,2.363
-1.493,0.151
-0.373,1.301
-1.296,1.491
-0.054,1.005
-1.557,1.212
-1.577,0.960
-1.209,0.429
-1.688,1.034
-1.676,0.867
-1.879,2.414
-3.357,-0.327
-1.228,0.760
-1.316,0.933
0.233,1.512
0.441,0.624
-1.017,0.529
-0.557,1.115
-1.476,3.309
-1.876,-0.108
-0.953,1.384
-1.918,1.464
-1.115,1.094
-0.550,2.810
-1.683,1.343
-0.711,1.568
-2.258,1.817
-0.110,-0.377
-3.584,-0.446
-2.744,1.766
-3.207,1.293
0.193,0.288
-1.880,1.209
-1.556,1.160
-0.154,2.538
-2.373,2.732
0.102,-0.296
-0.472,0.956
-2.233,1.933
-1.242,2.600
1.255,-0.128
-2.253,1.794
-0.244,1.230
-2.888,-0.986
-2.868,0.661
-1.551,1.787
-1.665,1.893
-1.157,1.207
-0.870,-0.282
-0.992,0.041
-1.374,-0.376
0.188,0.097
-2.162,2.742
-1.944,1.938
-2.688,0.817
-3.069,2.014
-0.684,1.272
-1.028,0.981
-1.744,2.258
0.532,-0.877
-1.106,1.496
-1.322,1.735
-1.895,1.777
-1.486,1.155
-1.353,0.352
0.392,2.859
0.324,1.022
-2.683,0.156
0.106,0.492
-1.040,2.037
-1.971,1.411
-0.842,3.422
-0.832,0.013
-0.227,-0.591
-1.456,0.705
-1.305,-0.579
-3.106,4.046
-1.496,2.301
-0.781,-1.241
-1.993,-0.774
-2.077,0.550
-0.932,2.016
-0.908,0.681
-0.607,2.868
-1.673,2.814
0.353,0.854
-2.538,-0.027
-1.088,-0.631
-3.371,1.505
0.086,0.197
-0.776,2.125
-1.146,-0.569
-1.175,2.586
-3.069,1.970
-2.142,0.868
-1.474,1.801
-2.937,0.987
-2.196,1.751
-3.004,0.646
-1.503,1.892
-1.370,2.461
-2.971,-0.054
-2.766,1.425
-0.989,-0.010
-1.622,1.307
-0.494,-0.159
0.738,1.439
-1.956,1.110
-1.267,0.593
-0.765,1.925
-2.525,1.396
-0.723,1.336
-1.288,1.343
-0.387,1.546
-1.118,-0.018
-2.499,1.493
-2.365,0.736
-1.501,0.974
-0.886,1.633
-0.131,-0.348
-1.004,1.404
-2.066,0.786
-2.219,0.350
-0.518,-1.258
-1.983,0.389
-2.643,2.865
-1.083,0.771
-0.817,2.423
0.538,0.783
-1.657,1.778
-1.306,2.733
-2.597,2.111
-0.559,0.367
-0.981,1.522
-3.289,0.903
-0.614,0.381
-2.679,-0.105
-2.263,0.729
-0.974,0.925
-0.234,1.207
-1.447,0.187
-1.908,0.910
-0.845,0.706
0.394,0.994
-2.341,1.581
-0.428,2.437
-1.588,0.995
-1.223,0.634
-0.713,1.374
-3.288,2.057
-1.558,1.539
-1.688,0.492
-1.876,0.277
0.498,2.113
-1.013,1.149
-3.931,2.045
0.895,1.738
-2.319,0.930
-1.543,-0.064
-0.447,0.469
-2.130,1.462
-1.463,-0.014
-0.697,0.808
-1.193,0.903
-1.742,1.582
-0.967,3.053
-0.599,1.858
-2.097,0.465
-1.974,0.830
-0.168,0.955
-0.557,1.130
-1.796,1.726
-0.616,0.988
0.136,1.093
-3.293,0.645
-1.164,-1.134
-2.070,0.562
-1.135,1.875
-0.207,2.475
-2.131,1.913
-0.784,1.896
-1.968,-0.960
-0.676,1.449
-1.366,-0.678
-0.769,1.682
-1.493,0.223
-2.250,0.113
-1.873,0.162
-2.300,1.572
-3.290,1.865
-2.164,1.264
-2.419,1.314
-2.409,2.098
-3.193,0.611
-2.417,1.040
-0.199,3.258
-1.031,1.700
-0.840,2.782
-2.156,2.323
-1.109,1.899
-2.508,-1.376
-0.622,0.307
-1.757,2.532
-1.860,1.705
-0.696,0.458
-0.883,0.302
-4.158,1.131
-2.163,1.535
-1.062,1.266
-1.084,2.050
-1.880,2.257
-0.564,0.535
-0.406,2.015
-1.553,1.740
-2.701,0.652
-2.883,2.195
-1.052,1.074
-2.428,0.138
-1.655,2.710
-1.336,1.487
0.411,1.952
-0.700,2.086
-1.315,-1.171
-0.748,0.274
-1.346,1.894
0.093,1.070
-1.112,0.321
-2.025,1.989
-2.068,1.524
-2.286,1.783
-1.138,1.428
-0.056,2.126
-2.247,0.398
-0.693,0.694
0.775,2.558
0.344,-0.010
-1.371,0.629
-3.487,2.492
-0.938,2.967
-1.010,0.275
-1.337,2.336
0.675,-0.129
-1.425,0.347
-1.281,1.273
-0.589,1.380
-0.322,-0.790
-2.677,2.135
0.002,2.169
-2.968,1.274
-0.755,-0.269
-3.803,0.517
-0.751,0.141
-1.960,2.147
-1.944,0.218
-0.673,1.797
-0.720,1.808
-2.375,1.422
-2.837,1.022
-0.639,0.903
-2.534,1.300
-0.721,1.116
-1.410,0.770
-1.741,2.390
-1.121,0.817
-2.345,1.624
-0.455,1.007
-2.808,0.467
-1.908,1.002
-1.670,-0.046
-1.971,0.298
-2.675,3.209
-0.491,1.817
0.090,1.458
-0.646,2.274
0.042,1.874
-0.624,1.284
-1.999,2.346
-2.576,1.637
-2.283,0.459
-2.172,-0.148
0.009,-1.992
-3.011,0.287
0.177,0.672
-1.941,0.196
0.410,1.243
-0.450,0.449
-3.709,0.828
-1.494,0.066
-0.541,2.769
-2.542,1.392
-2.574,1.355
-3.230,0.928
-0.125,0.968
-3.306,-0.809
-1.880,-0.819
-1.447,0.824
-2.289,1.264
-0.706,-1.839
-3.026,1.920
-0.644,0.532
-1.650,0.389
-2.109,-0.380
-1.861,1.977
-3.184,0.999
-2.204,0.873
-2.115,0.868
-1.823,0.809
-1.295,1.339
-0.971,-0.835
-0.371,1.111
-0.776,-0.028
-1.777,0.235
-0.548,0.385
-2.627,0.225
-2.101,1.525
-1.468,1.145
-0.353,0.365
0.714,-0.448
-0.556,1.072
-0.059,-0.192
-3.945,1.428
-2.630,0.580
-1.670,-0.368
-3.020,0.489
-1.734,0.699
-0.581,1.450
-2.762,-0.034
-1.032,-0.301
-2.674,0.373
-1.948,1.088
-2.036,-0.753
-2.150,-0.146
-1.632,0.368
-1.106,1.170
-0.339,0.040
-2.920,-1.358
-2.603,-0.416
-2.679,-0.821
-1.263,0.699
-2.767,-0.673
-1.857,0.232
-0.648,0.529
-1.178,0.219
-1.077,1.793
-3.186,0.452
-1.774,2.066
0.072,0.668
-3.030,2.120
-2.442,1.027
-2.243,-1.536
-2.320,2.135
-2.314,1.093
-1.565,2.282
-1.621,0.830
-1.170,2.880
-0.731,1.630
-2.584,1.528
-2.559,0.375
-2.368,-0.130
-1.198,0.703
-2.592,0.504
-1.514,0.955
-0.766,1.176
-0.555,0.040
-2.431,0.663
-1.151,0.567
-1.234,2.479
0.067,0.990
-1.379,1.869
-3.477,0.902
-0.164,0.911
-3.287,0.920
-1.760,1.455
-1.672,2.174
-2.417,0.523
-1.585,-0.035
-0.777,0.865
-2.348,-0.070
-2.595,1.275
-2.977,2.014
-2.195,1.674
-1.707,1.218
-2.936,1.264
-1.296,0.257
-1.277,0.741
0.439,-0.119
-0.828,0.419
-1.017,-0.285
-0.189,0.647
0.150,1.201
-2.281,2.506
0.906,0.869
-0.581,-0.167
-1.903,-0.143
-0.947,1.377
-1.642,1.506
-2.229,1.078
-2.011,1.503
-0.480,2.653
-0.359,1.289
-0.846,2.751
-2.246,1.025
-1.632,1.291
-1.858,3.387
-1.483,1.365
-1.140,0.807
-2.539,1.317
0.903,-0.072
-2.567,0.673
-2.494,0.691
-2.894,1.707
-1.599,-0.523
-3.095,1.680
-3.092,1.228
-1.688,0.456
-2.184,-0.954
-1.185,0.139
-2.286,-0.238
-0.033,-0.227
-1.934,2.063
-0.968,0.873
-3.992,1.528
-1.707,1.738
0.314,0.625
-0.673,0.542
0.545,0.467
-3.011,1.793
-1.496,2.410
-0.995,0.699
-0.437,1.955
-1.924,-0.462
-3.383,1.689
-1.410,0.464
-1.907,0.474
-2.797,-0.097
-1.408,-0.668
0.094,0.852
-2.328,-0.809
-1.457,1.204
0.364,2.363
-0.230,0.877
-0.459,2.887
-2.790,-0.635
-3.023,1.486
-2.216,0.906
-0.840,0.921
-1.914,2.775
-0.708,1.030
-1.022,2.497
-0.874,2.573
-0.081,-0.373
-2.829,1.404
-2.824,0.576
-1.688,0.111
-1.913,1.183
-2.392,2.060
-2.597,1.729
-2.426,2.377
-2.864,1.574
-1.442,1.356
-1.222,2.032
-2.306,1.222
-2.016,1.678
-1.378,0.869
-2.381,1.282
-2.700,-0.276
-1.043,2.153
-1.403,0.458
-1.921,0.400
-3.061,0.391
0.240,3.663
-2.125,-1.581
-0.297,-1.606
-0.127,1.602
-2.084,-1.112
-1.745,0.960
-0.161,1.330
-3.620,1.969
-1.837,-0.791
-1.381,2.466
-1.458,2.431
-0.634,-0.180
-1.456,2.005
-2.367,0.317
-0.552,-1.366
-1.297,1.652
-2.237,1.525
-1.129,0.516
-0.154,1.524
-2.127,0.179
-0.523,3.454
-2.278,0.305
-1.585,0.032
-1.124,1.176
-3.004,1.673
0.440,1.192
-2.091,0.456
-1.073,0.484
-3.183,2.246
-1.814,1.241
-1.277,0.188
-0.637,1.806
-0.872,-0.322
-1.747,-0.523
-2.595,1.284
-1.038,1.332
-2.023,-0.340
-1.328,2.502
-2.250,1.569
-2.650,1.027
-1.735,1.032
-1.885,1.522
-1.385,0.962
-1.182,0.982
-0.661,1.502
-1.867,-0.004
-1.643,1.479
-0.966,2.940
-2.271,1.328
0.171,0.788
-1.634,2.390
-1.177,-0.426
-3.100,0.426
-2.499,2.532
0.641,1.940
-2.990,0.352
-1.507,0.557
-1.473,1.559
-0.912,0.009
-1.304,-0.387
-0.627,1.918
-2.306,0.915
-1.378,1.231
-0.781,0.594
-1.480,0.614
-1.543,1.540
-1.383,-0.070
-1.095,0.776
-2.681,-0.201
-1.986,-1.800
-3.340,0.905
-2.091,0.601
-2.155,1.337
-0.667,1.254
-2.417,0.944
-1.610,1.450
-2.298,0.333
-1.430,1.824
-1.217,0.288
-0.291,0.578
-0.910,-0.361
0.725,0.944
-1.901,0.092
0.220,1.219
-1.222,2.483
-0.725,0.432
-0.847,0.822
-2.175,0.344
-2.368,1.395
-1.152,0.088
0.558,-0.271
-0.980,1.167
-2.486,1.478
-2.014,0.212
-2.124,1.366
-1.834,-0.066
-2.464,0.978
-1.528,0.321
-0.700,-0.199
-1.492,2.494
-0.811,1.833
-1.045,1.556
-2.085,2.019
-1.736,-0.162
-1.299,-0.056
-2.200,0.232
-2.260,1.262
-1.342,2.185
-2.124,0.260
-1.639,2.411
-1.443,1.564
-1.114,0.728
-1.017,2.051
-0.779,0.262
-1.753,-1.196
-1.002,0.475
-0.986,-0.018
-0.840,1.139
-0.062,0.203
-1.876,-0.426
-0.790,-0.159
-1.773,1.671
-2.309,0.932
-2.222,1.448
-0.803,-0.977
-1.115,2.104
-1.447,1.656
-2.146,1.998
1.908,-1.432
2.218,-1.392
2.272,-0.514
1.038,-1.349
1.212,-0.996
0.582,-2.011
0.604,-1.458
2.589,-2.970
-0.110,-2.184
-0.076,-1.269
1.233,-2.645
0.873,-2.992
1.342,0.116
-0.012,-1.863
1.064,-2.284
1.152,-1.064
0.503,-2.657
0.037,-1.974
1.577,-1.257
2.736,-2.338
1.338,-2.678
0.647,-1.786
0.841,-1.401
-0.033,-0.765
2.294,-3.224
2.983,-1.109
0.520,-2.070
2.824,-3.135
0.403,-2.230
0.437,-0.717
2.343,-1.759
2.271,-1.499
1.342,-0.660
0.033,-2.114
0.242,-2.578
0.906,-2.618
2.916,-2.350
2.418,-0.080
0.677,-2.529
0.808,-1.839
1.536,-2.824
3.310,-0.786
-0.695,-1.291
0.965,-1.137
1.762,-1.379
-0.793,-0.889
-0.282,-2.653
1.741,-1.832
-0.377,-2.776
0.354,-2.230
1.421,-0.528
1.374,-0.445
-1.331,-2.763
3.100,-2.109
1.848,-3.330
0.223,-1.546
2.546,-2.626
-0.444,0.578
1.393,-0.103
0.881,-2.527
-0.786,-2.575
2.909,-2.191
1.942,-0.747
1.967,-1.018
1.194,-2.520
1.044,-4.350
2.340,-0.820
1.040,-1.968
2.294,-3.119
1.148,-1.968
2.037,-1.078
-0.912,-2.107
1.930,-1.380
0.854,-0.208
2.355,-1.586
0.242,-1.814
0.980,-4.210
-0.407,-3.240
1.687,-2.062
1.021,-3.216
2.153,-1.967
0.251,-1.272
1.190,-2.236
1.408,-0.347
1.227,-3.044
0.088,-2.095
-1.238,-1.390
2.113,-3.395
0.955,-0.899
1.613,-2.999
-0.124,-1.068
1.963,-0.912
0.866,-0.999
1.226,-1.842
0.401,-0.608
-0.265,-0.862
0.034,-2.047
1.242,-0.884
0.806,-1.845
1.295,-1.581
0.107,-1.985
1.173,-1.547
1.005,-1.375
3.958,-1.503
-0.620,-1.575
1.356,-1.834
2.374,-1.574
2.544,-1.558
1.002,-3.703
1.224,-2.242
2.427,-1.434
-1.580,-2.190
2.050,-1.261
0.622,-1.702
0.816,0.907
1.619,-2.277
0.211,-0.390
1.926,-3.908
1.365,-1.299
1.216,-1.598
-0.514,-3.303
1.769,-1.752
-0.208,-2.804
-0.239,-1.637
-1.554,-1.897
1.816,-3.506
2.903,-1.400
0.205,-2.866
1.827,-1.093
0.627,-3.073
1.558,-3.545
1.624,-1.255
0.967,-2.174
2.761,-1.101
-0.364,-1.126
0.911,-2.703
-0.839,-0.841
1.246,-1.844
0.768,-1.998
-0.520,-1.808
0.253,-0.539
3.213,-3.961
0.417,-2.535
-0.494,-1.398
3.008,-0.906
0.069,-2.521
1.737,-3.105
0.065,-1.192
1.713,-2.118
0.374,-2.373
2.729,-1.134
1.578,-0.662
-0.519,-2.908
2.400,0.090
0.549,-1.083
0.813,-3.437
0.996,-1.279
3.628,-3.016
-1.039,-0.988
2.013,-2.452
0.012,-1.559
1.123,-2.183
0.196,-2.662
1.585,-1.613
1.609,-1.620
0.593,-3.157
0.486,-3.836
0.196,-3.556
2.486,-1.850
0.639,-0.254
1.935,-1.822
0.848,-2.068
-0.110,-1.989
0.722,-1.553
0.241,-0.904
1.710,-2.971
0.652,-2.796
1.140,-3.819
2.207,-0.816
-0.248,-0.826
0.990,0.217
-0.281,-1.521
-1.179,-0.664
0.102,-0.347
-0.001,-2.548
0.938,-1.069
2.411,-2.673
1.190,-3.592
1.652,-4.778
2.071,-1.411
2.531,-1.542
0.155,-1.741
2.157,-0.286
0.923,-1.897
0.381,-3.045
1.873,-3.429
1.569,-2.242
2.317,-0.791
1.049,-1.922
2.364,-1.498
3.905,-1.597
0.193,-1.869
1.591,-2.676
2.976,-1.859
2.239,-1.526
2.331,-2.552
1.400,-2.592
0.204,-1.791
2.323,-2.648
1.550,-0.269
0.155,-1.829
0.595,-1.468
0.199,-2.146
1.386,-1.056
2.115,-1.850
1.172,-2.985
0.502,-0.141
0.364,-1.682
-0.360,-1.255
1.464,-2.714
-0.086,-0.365
3.389,-2.148
2.154,-1.543
3.546,-0.646
1.920,-1.345
1.545,-1.406
-0.091,-1.280
1.525,-3.211
3.084,-2.485
1.407,-3.164
0.517,-2.170
0.125,-1.908
1.663,-1.662
-0.492,-1.863
0.974,-1.688
1.228,-2.526
0.618,-2.882
0.150,-2.156
-0.643,-2.299
0.533,-3.712
1.495,-1.211
2.504,-1.044
-0.018,-1.586
1.897,-3.165
0.859,-3.948
-0.337,-1.485
1.959,-2.987
0.975,-1.652
-0.581,-2.618
-0.598,-2.609
4.251,-2.784
2.406,-1.251
0.717,-1.384
0.675,-2.803
-1.494,-3.778
-0.148,-2.653
0.711,-2.808
1.213,-2.670
1.328,-0.653
1.283,-1.513
1.764,-2.175
1.938,-2.818
0.174,-2.022
2.403,-1.252
1.970,-1.437
-0.138,-1.495
0.387,-3.520
1.109,-1.710
0.207,-1.874
1.142,-3.280
0.630,0.406
0.045,-1.817
1.114,-3.362
2.717,-1.855
1.516,-3.906
0.507,-1.756
-1.110,-3.543
0.748,-0.727
0.783,-2.929
1.254,-1.599
1.150,-1.529
1.148,-2.697
1.336,-0.701
0.867,-3.106
2.768,-3.237
0.102,-1.556
-0.101,-3.173
1.629,-0.894
-0.237,-2.500
2.324,-2.618
0.831,-2.011
1.438,-2.280
3.010,-2.655
1.250,-4.334
1.776,-0.857
0.094,-0.800
1.410,-3.444
0.263,-2.831
2.891,-2.361
-0.246,-0.170
0.658,-1.486
1.657,-2.235
-0.448,-0.920
2.342,-1.525
1.860,-3.048
0.389,-2.780
1.091,-0.890
0.577,-2.564
0.796,-1.800
2.178,-1.012
0.732,-3.261
1.737,0.017
-0.179,-1.924
0.398,-1.144
0.916,-1.201
-0.979,-1.947
1.844,-2.383
1.925,-1.959
0.371,-1.728
-0.142,-2.579
2.217,-1.447
1.679,-1.007
1.256,-2.070
0.550,-1.609
0.509,-2.831
2.944,-1.047
2.506,-2.862
1.634,-2.566
1.174,-1.881
-0.286,-2.581
0.761,-3.062
2.578,-1.151
0.911,-2.302
-0.492,-4.019
1.425,-0.932
-0.187,-1.927
-0.146,-2.971
1.918,-3.560
1.945,-2.661
2.068,-1.153
0.271,-1.985
0.394,-1.830
2.195,-2.294
1.544,0.395
-0.723,-1.450
-0.557,-2.303
0.359,-3.406
1.068,-0.338
0.505,-2.415
0.633,-2.142
-0.530,-0.966
-0.279,-2.312
2.668,-1.339
0.418,-1.942
0.125,-1.702
0.293,-1.131
0.649,-3.614
0.256,-3.293
1.593,-2.239
-0.213,-1.890
-0.138,0.155
0.371,-2.688
1.567,-2.322
2.155,-2.010
1.383,-1.153
0.436,-3.845
0.355,-0.210
3.590,-4.336
0.840,-1.408
0.685,-1.263
-1.183,-3.121
0.802,-1.894
1.395,-1.435
0.779,-0.692
1.196,-2.331
2.951,-1.101
0.538,-2.162
-0.934,-3.303
1.449,1.223
1.757,-3.206
1.879,-2.662
0.462,-2.186
1.128,-2.127
-1.131,-1.797
2.395,-2.263
1.119,-2.234
0.020,-1.702
2.318,-0.493
1.065,-2.212
0.065,-3.224
1.223,-2.729
1.269,-0.394
1.124,-2.648
-0.444,-1.462
0.837,-2.357
1.223,-2.459
2.221,-1.801
1.308,-1.783
-0.344,-0.701
1.544,-1.216
0.645,-2.828
-0.818,-2.983
2.459,-2.304
0.436,-1.660
2.104,-2.578
1.054,-1.247
1.004,-0.861
-0.088,-0.198
1.441,-2.017
2.787,-1.310
0.962,-2.085
-0.144,-1.332
1.550,-1.583
0.274,-2.080
2.107,-3.259
0.658,-0.344
2.728,-2.370
-0.210,-3.161
1.422,-3.018
-2.738,-1.076
0.656,-2.399
1.627,-4.918
1.758,-1.792
1.230,-3.403
0.445,-0.901
1.865,-1.883
1.017,-0.675
0.545,-2.749
1.594,-2.245
1.934,0.211
1.750,-0.858
0.191,-3.317
1.695,-2.260
1.665,-0.923
0.347,-2.504
2.112,-2.867
0.774,-0.867
2.778,-1.506
0.378,-1.648
0.944,-3.153
1.278,-3.767
2.601,-3.728
0.513,-3.077
0.818,-2.242
-0.337,-0.728
0.553,-1.256
0.843,-0.674
-0.050,0.643
2.056,-2.053
1.898,-1.909
0.247,-0.682
-0.014,-1.189
1.166,-1.791
1.895,-0.242
0.374,-2.224
0.260,-0.789
1.969,-1.968
0.439,-3.258
0.618,-1.693
1.301,-0.793
1.055,-1.333
0.431,-2.878
0.458,-2.288
1.723,-2.561
1.701,-4.217
1.844,-1.252
2.496,-2.969
0.716,-2.197
2.281,-1.485
1.971,-2.018
0.177,-0.586
0.865,-2.943
1.009,-1.218
2.713,-3.303
4.809,-1.126
1.165,-3.275
-0.418,-2.565
0.196,-2.013
0.110,-2.408
0.378,-3.369
1.336,-2.383
2.614,-2.976
2.365,-0.875
0.554,-3.438
1.006,-2.728
0.781,-3.016
0.799,-3.435
-1.593,-2.575
0.097,-0.281
1.671,-2.077
3.300,-2.147
-1.672,-0.943
-0.577,-1.853
1.620,-1.919
-1.182,-2.625
1.068,-3.220
2.788,-0.167
0.615,-3.285
-0.284,-1.978
0.884,-1.518
1.529,-1.334
0.460,-3.218
1.377,-2.137
1.735,-1.701
-0.763,-2.522
0.613,-2.729
1.833,-3.106
0.325,-1.653
1.810,-3.171
1.645,-0.817
2.306,-2.448
-0.276,-3.050
3.921,-2.740
0.182,-2.693
0.949,-1.216
1.883,-1.073
1.041,-2.222
0.039,-2.803
1.599,-3.636
0.463,-2.512
0.446,-2.303
0.616,-2.236
0.257,-2.404
1.024,-3.379
1.151,-2.165
1.455,-3.410
-0.213,-3.021
-0.389,-1.922
-0.549,-3.517
2.549,0.691
0.896,-1.141
1.989,-1.638
-0.095,-2.001
1.693,-2.716
-0.622,-0.327
1.412,-2.603
-0.057,-1.584
1.831,-1.907
1.393,-2.222
3.665,-1.413
1.236,-2.205
0.898,-0.608
1.393,-1.743
0.712,-1.782
0.152,-2.538
2.189,-0.605
-0.606,-2.626
0.837,-1.474
0.575,-2.106
1.462,-2.931
0.178,-2.108
1.103,-1.942
0.930,-3.415
0.572,-1.977
-0.832,-1.554
-0.590,-0.497
0.032,-3.445
1.286,-1.696
0.231,-1.926
0.558,-1.566
1.407,-2.216
1.061,-2.168
0.445,-2.783
1.010,-1.480
-0.294,-0.875
1.760,-4.104
-0.155,-2.252
0.350,-1.990
2.024,-1.496
1.350,-3.053
1.209,-2.670
3.452,-1.178
1.334,-3.462
1.405,-0.682
1.770,-0.073
2.006,-1.404
0.721,-1.092
1.931,-0.623
0.895,-1.074
1.569,-1.167
0.838,-0.762
1.457,-1.320
0.232,-3.102
0.952,-2.845
1.082,-2.218
0.935,-1.676
-0.944,-3.096
0.626,-2.680
0.346,-2.040
1.682,-3.187
1.088,-1.590
2.253,-2.570
1.999,-2.777
0.664,-0.914
1.400,-2.280
2.002,-1.987
0.510,-1.879
1.530,-0.354
2.582,-1.191
2.118,-3.446
-0.805,-3.021
0.263,-2.586
-0.159,-2.553
0.187,-2.827
1.773,-2.461
-0.221,-2.662
-0.461,-2.194
0.698,-1.760
1.789,-2.193
0.752,-2.207
2.554,-3.481
-0.476,-4.101
0.556,-1.568
0.549,-2.846
-0.373,-1.323
0.303,-0.002
-1.104,-1.516
2.054,-0.345
2.306,-1.722
-0.449,-3.637
3.259,-0.998
1.044,-3.119
1.668,-1.662
2.122,-3.235
1.390,-0.475
0.578,-4.865
1.073,-1.931
1.102,-0.704
2.181,-2.453
0.440,-4.371
1.155,-0.616
1.681,-0.644
0.167,-2.628
1.232,-0.499
1.535,-1.983
0.763,-1.589
-0.816,-1.913
2.343,-0.246
1.124,-3.119
0.646,-3.207
2.341,-1.671
1.015,-1.018
1.324,-4.222
-0.397,-3.227
2.357,-1.579
1.796,-5.814
-0.387,-3.038
0.903,-1.778
0.351,-1.900
-0.197,-3.604
3.138,-2.073
0.577,-4.207
0.590,-0.716
3.129,-2.085
1.306,-3.116
0.408,-1.734
1.071,-0.757
1.706,-1.311
0.549,-1.666
1.009,-1.700
1.280,-3.102
1.702,-2.690
2.203,-1.097
-0.172,-0.701
2.796,-1.342
0.853,-1.857
-1.782,-2.165
1.006,-2.391
2.271,-0.785
-0.204,-2.856
1.175,-3.123
0.014,-3.658
1.735,-1.244
2.567,-2.771
2.110,-0.623
0.434,-2.608
0.908,-3.051
1.338,-3.544
1.678,-2.109
1.431,-1.917
0.362,-2.097
2.259,-4.113
2.029,-2.682
2.661,-3.263
2.422,-0.268
-0.687,-1.721
1.414,-2.125
0.562,-2.993
1.363,-1.601
1.330,-4.021
0.249,-3.855
0.177,-1.115
0.330,-0.836
1.126,-3.140
1.775,-1.963
1.201,-1.466
2.652,-2.213
2.026,-0.580
0.792,-1.942
-0.252,-1.193
0.998,-2.797
1.760,-2.654
-0.492,-2.992
1.720,-2.344
0.209,-4.641
0.397,-2.103
-0.219,-1.899
0.375,-1.519
1.500,-1.612
1.012,-3.929
-0.224,-2.870
2.649,-0.980
2.020,-2.199
1.259,-1.207
-1.638,-1.233
1.283,-2.288
0.967,-2.310
0.303,-0.586
0.933,-1.857
1.223,-0.041
0.199,-1.073
-0.059,-2.754
0.563,-1.820
0.824,-3.227
1.826,-1.673
0.958,-2.908
2.388,-1.415
-0.473,-1.138
2.506,-1.058
2.516,-3.429
0.986,-1.827
0.115,-1.136
2.322,-2.857
2.459,-1.718
0.334,-3.541
0.128,-2.461
1.933,-0.952
1.264,-1.025
-0.406,-1.609
0.088,-1.071
2.249,-2.109
0.991,-1.036
2.695,-1.936
0.895,0.148
1.333,-1.795
-0.652,-0.010
0.927,-2.535
1.040,-2.275
0.448,-1.547
0.660,-1.542
1.176,-2.370
1.767,-2.541
0.954,-2.073
0.342,-2.098
0.067,-2.409
1.554,-1.607
1.035,-1.426
0.229,-3.690
2.154,-3.367
-0.124,-2.355
-0.197,-2.150
-0.402,-1.877
1.280,-2.180
-0.200,-2.401
1.283,-1.974
-1.231,-1.864
0.843,-4.118
0.375,-0.538
2.116,-2.644
0.453,-1.547
-0.230,-3.291
-0.681,-3.162
0.252,-1.365
1.014,-1.718
0.726,-2.295
0.751,-2.213
-0.184,-0.900
0.744,-2.037
1.326,-1.307
1.298,-2.705
2.290,-0.470
-0.465,-1.264
1.615,-2.586
0.362,-2.546
2.047,-1.002
1.161,-1.274
0.074,-1.926
-0.292,-2.161
2.221,-1.992
1.095,-1.897
-0.796,-3.469
1.191,-0.722
0.490,-3.661
3.639,-2.652
-0.195,-1.912
1.210,-0.406
1.311,-2.769
1.401,-1.928
2.174,-2.582
2.152,-1.451
